{
  "images" : [
    {
      "filename" : "iPhone_Portrait_iPhoneXsMax_3x.png",
      "orientation" : "portrait",
      "idiom" : "iphone",
      "extent" : "full-screen",
      "minimum-system-version" : "12.0",
      "subtype" : "2688h",
      "scale" : "3x"
    },
    {
      "filename" : "iPhone_Landscape_iPhoneXsMax_3x.png",
      "orientation" : "landscape",
      "idiom" : "iphone",
      "extent" : "full-screen",
      "minimum-system-version" : "12.0",
      "subtype" : "2688h",
      "scale" : "3x"
    },
    {
      "filename" : "iPhone_Portrait_iPhoneXr_2x.png",
      "orientation" : "portrait",
      "idiom" : "iphone",
      "extent" : "full-screen",
      "minimum-system-version" : "12.0",
      "subtype" : "1792h",
      "scale" : "2x"
    },
    {
      "filename" : "iPhone_Landscape_iPhoneXr_2x.png",
      "orientation" : "landscape",
      "idiom" : "iphone",
      "extent" : "full-screen",
      "minimum-system-version" : "12.0",
      "subtype" : "1792h",
      "scale" : "2x"
    },
    {
      "filename" : "iPhone_Portrait_iPhoneX_3x.png",
      "orientation" : "portrait",
      "idiom" : "iphone",
      "extent" : "full-screen",
      "minimum-system-version" : "11.0",
      "subtype" : "2436h",
      "scale" : "3x"
    },
    {
      "filename" : "iPhone_Landscape_iPhoneX_3x.png",
      "orientation" : "landscape",
      "idiom" : "iphone",
      "extent" : "full-screen",
      "minimum-system-version" : "11.0",
      "subtype" : "2436h",
      "scale" : "3x"
    },
    {
      "filename" : "iPhone_Portrait_R55.png",
      "orientation" : "portrait",
      "idiom" : "iphone",
      "extent" : "full-screen",
      "minimum-system-version" : "8.0",
      "subtype" : "736h",
      "scale" : "3x"
    },
    {
      "filename" : "iPhone_Landscape_R55.png",
      "orientation" : "landscape",
      "idiom" : "iphone",
      "extent" : "full-screen",
      "minimum-system-version" : "8.0",
      "subtype" : "736h",
      "scale" : "3x"
    },
    {
      "filename" : "iPhone_Portrait_R47.png",
      "orientation" : "portrait",
      "idiom" : "iphone",
      "extent" : "full-screen",
      "minimum-system-version" : "8.0",
      "subtype" : "667h",
      "scale" : "2x"
    },
    {
      "filename" : "iPhone_Portrait_2x.png",
      "orientation" : "portrait",
      "idiom" : "iphone",
      "extent" : "full-screen",
      "minimum-system-version" : "7.0",
      "scale" : "2x"
    },
    {
      "filename" : "iPhone_Portrait_R4.png",
      "orientation" : "portrait",
      "idiom" : "iphone",
      "extent" : "full-screen",
      "minimum-system-version" : "7.0",
      "subtype" : "retina4",
      "scale" : "2x"
    },
    {
      "filename" : "iPad_Portrait_1x.png",
      "orientation" : "portrait",
      "idiom" : "ipad",
      "extent" : "full-screen",
      "minimum-system-version" : "7.0",
      "scale" : "1x"
    },
    {
      "filename" : "iPad_Landscape_1x.png",
      "orientation" : "landscape",
      "idiom" : "ipad",
      "extent" : "full-screen",
      "minimum-system-version" : "7.0",
      "scale" : "1x"
    },
    {
      "filename" : "iPad_Portrait_2x.png",
      "orientation" : "portrait",
      "idiom" : "ipad",
      "extent" : "full-screen",
      "minimum-system-version" : "7.0",
      "scale" : "2x"
    },
    {
      "filename" : "iPad_Landscape_2x.png",
      "orientation" : "landscape",
      "idiom" : "ipad",
      "extent" : "full-screen",
      "minimum-system-version" : "7.0",
      "scale" : "2x"
    }
  ],
  "info" : {
    "version" : 1,
    "author" : "xcode"
  }
}
