{
  "images" : [
    {
      "filename" : "iPhone_20_2x.png",
      "idiom" : "iphone",
      "size" : "20x20",
      "scale" : "2x"
    },
    {
      "filename" : "iPhone_20_3x.png",
      "idiom" : "iphone",
      "size" : "20x20",
      "scale" : "3x"
    },
    {
      "filename" : "iPhone_29_2x.png",
      "idiom" : "iphone",
      "size" : "29x29",
      "scale" : "2x"
    },
    {
      "filename" : "iPhone_29_3x.png",
      "idiom" : "iphone",
      "size" : "29x29",
      "scale" : "3x"
    },
    {
      "filename" : "iPhone_40_2x.png",
      "idiom" : "iphone",
      "size" : "40x40",
      "scale" : "2x"
    },
    {
      "filename" : "iPhone_40_3x.png",
      "idiom" : "iphone",
      "size" : "40x40",
      "scale" : "3x"
    },
    {
      "filename" : "iPhone_60_2x.png",
      "idiom" : "iphone",
      "size" : "60x60",
      "scale" : "2x"
    },
    {
      "filename" : "iPhone_60_3x.png",
      "idiom" : "iphone",
      "size" : "60x60",
      "scale" : "3x"
    },
    {
      "filename" : "iPad_20_1x.png",
      "idiom" : "ipad",
      "size" : "20x20",
      "scale" : "1x"
    },
    {
      "filename" : "iPad_20_2x.png",
      "idiom" : "ipad",
      "size" : "20x20",
      "scale" : "2x"
    },
    {
      "filename" : "iPad_29_1x.png",
      "idiom" : "ipad",
      "size" : "29x29",
      "scale" : "1x"
    },
    {
      "filename" : "iPad_29_2x.png",
      "idiom" : "ipad",
      "size" : "29x29",
      "scale" : "2x"
    },
    {
      "filename" : "iPad_40_1x.png",
      "idiom" : "ipad",
      "size" : "40x40",
      "scale" : "1x"
    },
    {
      "filename" : "iPad_40_2x.png",
      "idiom" : "ipad",
      "size" : "40x40",
      "scale" : "2x"
    },
    {
      "filename" : "iPad_76_1x.png",
      "idiom" : "ipad",
      "size" : "76x76",
      "scale" : "1x"
    },
    {
      "filename" : "iPad_76_2x.png",
      "idiom" : "ipad",
      "size" : "76x76",
      "scale" : "2x"
    },
    {
      "filename" : "iPad_83.5_2x.png",
      "idiom" : "ipad",
      "size" : "83.5x83.5",
      "scale" : "2x"
    },
    {
      "filename" : "iOS-Marketing_1024_1x.png",
      "idiom" : "ios-marketing",
      "size" : "1024x1024",
      "scale" : "1x"
    }
  ],
  "info" : {
    "version" : 1,
    "author" : "xcode"
  }
}
